{
    "componentName": "Transform",
    "position": [
        0.0,
        0.0,
        0.0
    ],
    "rotation": [
        6.2831854820251465,
        6.2831854820251465,
        6.2831854820251465
    ],
    "scale": [
        1.0,
        1.0,
        1.0
    ]
}
